{"_id":{"$oid":"6526e16de61bb303b5780d9e"},"funcion":"PRC_IDocumento","accion":false,"autor":"62ebd07e66da1d9774e63866|Administrador","cache":0.0,"categoria":"APLICACIONES","coleccion":"","concurrencia":false,"consumidores":10.0,"descripcion":"Insertar Documento","driver":"MYCFEPD","entorno":"desarrollo","entradas":"[\n\t{\n\t\t\"dml\": \"$values\",\n\t\t\"condicion\": \"\",\n\t\t\"entradas\": [\n\t\t\t{\n\t\t\t\t\"campo\": \"name\",\n\t\t\t\t\"defecto\": \"\",\n\t\t\t\t\"alias\": \"name\",\n\t\t\t\t\"tipo\": \"string\"\n\t\t\t},\n\t\t\t{\n\t\t\t\t\"campo\": \"description\",\n\t\t\t\t\"defecto\": \"\",\n\t\t\t\t\"alias\": \"description\",\n\t\t\t\t\"tipo\": \"string\"\n\t\t\t},\n\t\t\t{\n\t\t\t\t\"campo\": \"status\",\n\t\t\t\t\"defecto\": \"\",\n\t\t\t\t\"alias\": \"status\",\n\t\t\t\t\"tipo\": \"int\"\n\t\t\t},\n\t\t\t{\n\t\t\t\t\"campo\": \"format\",\n\t\t\t\t\"defecto\": \"\",\n\t\t\t\t\"alias\": \"format\",\n\t\t\t\t\"tipo\": \"string\"\n\t\t\t},\n\t\t\t{\n\t\t\t\t\"campo\": \"required\",\n\t\t\t\t\"defecto\": \"\",\n\t\t\t\t\"alias\": \"required\",\n\t\t\t\t\"tipo\": \"int\"\n\t\t\t},\n          \t{\n\t\t\t\t\"campo\": \"tipo\",\n\t\t\t\t\"defecto\": \"\",\n\t\t\t\t\"alias\": \"tipo\",\n\t\t\t\t\"tipo\": \"int\"\n\t\t\t},\n\t\t\t{\n\t\t\t\t\"campo\": \"limit_mb\",\n\t\t\t\t\"defecto\": \"\",\n\t\t\t\t\"alias\": \"limit_mb\",\n\t\t\t\t\"tipo\": \"int\"\n\t\t\t},\n\t\t\t{\n\t\t\t\t\"campo\": \"docwkf\",\n\t\t\t\t\"defecto\": \"\",\n\t\t\t\t\"alias\": \"docwkf\",\n\t\t\t\t\"tipo\": \"int\"\n\t\t\t}\n\t\t]\n\t}\n]","estatus":false,"fecha":"2023-10-29T19:29:07.910Z","funcionalidad":"SISTEMA","http":1.0,"https":1.0,"logs":false,"metodo":"INSERTAR","migrar":false,"modulo":"","parametros":"","prioridad":"0","protocolo":"HTTPS","puertohttp":8013.0,"puertohttps":2385.0,"query":"INSERT INTO document $exec","relacional":false,"retorna":true,"ruta":"","salidas":"","tipo":"CONSULTA","totalizar":"S","valores":[],"version":"5.1.1","aplicacion":"","columnas":"","destino":"","distribucion":0.0,"duracion":0.0,"id":"6526e16de61bb303b5780d9e","precodigo":"","resultado":null,"tipoduracion":0.0}
{"_id":{"$oid":"65271064e61bb303b5783d5c"},"funcion":"PRC_CDocument","accion":false,"autor":"62ebd07e66da1d9774e63866|Administrador","cache":0.0,"categoria":"APLICACIONES","coleccion":"","concurrencia":false,"consumidores":100.0,"descripcion":"Consultar Documentos","driver":"MYCFEPD","entorno":"desarrollo","entradas":"","estatus":true,"fecha":"2023-10-12T13:22:24.993Z","funcionalidad":"SISTEMA","http":1.0,"https":1.0,"logs":false,"metodo":"CONSULTAR","migrar":false,"modulo":"","parametros":"","prioridad":"0","protocolo":"HTTPS","puertohttp":8012.0,"puertohttps":2286.0,"query":"SELECT * FROM document;","relacional":false,"retorna":true,"ruta":"","salidas":"","tipo":"CONSULTA","totalizar":"S","valores":[],"version":"2.2.2","aplicacion":"","columnas":"","destino":"","distribucion":0.0,"duracion":0.0,"id":"65271064e61bb303b5783d5c","precodigo":"","resultado":null,"tipoduracion":0.0}
{"_id":{"$oid":"65280144e61bb303b5793117"},"funcion":"PRC_IProducts","accion":false,"aplicacion":"","autor":"62ebd07e66da1d9774e63866|Administrador","cache":0.0,"categoria":"APLICACIONES","coleccion":"","columnas":"","concurrencia":false,"consumidores":10.0,"descripcion":"Insertar Documento","destino":"","distribucion":0.0,"driver":"MYCFEPD","duracion":0.0,"entorno":"desarrollo","entradas":"[\n\t{\n\t\t\"dml\": \"$values\",\n\t\t\"condicion\": \"\",\n\t\t\"entradas\": [\n\t\t\t{\n\t\t\t\t\"campo\": \"name\",\n\t\t\t\t\"defecto\": \"\",\n\t\t\t\t\"alias\": \"name\",\n\t\t\t\t\"tipo\": \"string\"\n\t\t\t},\n\t\t\t{\n\t\t\t\t\"campo\": \"description\",\n\t\t\t\t\"defecto\": \"\",\n\t\t\t\t\"alias\": \"description\",\n\t\t\t\t\"tipo\": \"string\"\n\t\t\t}\n\t\t]\n\t}\n]","estatus":false,"fecha":"2023-10-12T14:23:00.763Z","funcionalidad":"SISTEMA","http":1.0,"https":1.0,"id":"6526e16de61bb303b5780d9e","logs":false,"metodo":"INSERTAR","migrar":false,"modulo":"","parametros":"","precodigo":"","prioridad":"0","protocolo":"HTTP","puertohttp":0.0,"puertohttps":0.0,"query":"INSERT INTO products $exec","relacional":true,"resultado":null,"retorna":true,"ruta":"","salidas":"","tipo":"CONSULTA","tipoduracion":0.0,"totalizar":"S","valores":[],"version":"5.1.1"}
{"_id":{"$oid":"652802a3e61bb303b5793282"},"funcion":"PRC_CProducts","accion":false,"aplicacion":"","autor":"62ebd07e66da1d9774e63866|Administrador","cache":0.0,"categoria":"APLICACIONES","coleccion":"","columnas":"","concurrencia":false,"consumidores":10.0,"descripcion":"Consultar Productos","destino":"","distribucion":0.0,"driver":"MYCFEPD","duracion":0.0,"entorno":"desarrollo","entradas":"","estatus":true,"fecha":"2023-10-12T14:28:51.091Z","funcionalidad":"SISTEMA","http":1.0,"https":1.0,"id":"65280144e61bb303b5793117","logs":false,"metodo":"CONSULTAR","migrar":false,"modulo":"","parametros":"","precodigo":"","prioridad":"0","protocolo":"HTTPS","puertohttp":8012.0,"puertohttps":2286.0,"query":"SELECT * FROM products;","relacional":false,"resultado":null,"retorna":true,"ruta":"","salidas":"","tipo":"CONSULTA","tipoduracion":0.0,"totalizar":"S","valores":[],"version":"6.1.2"}
{"_id":{"$oid":"65280899e61bb303b57938cd"},"funcion":"PRC_ISoe","accion":false,"aplicacion":"","autor":"62ebd07e66da1d9774e63866|Administrador","cache":0.0,"categoria":"APLICACIONES","coleccion":"","columnas":"","concurrencia":false,"consumidores":10.0,"descripcion":"Insertar Soe servicio","destino":"","distribucion":0.0,"driver":"MYCFEPD","duracion":0.0,"entorno":"desarrollo","entradas":"[\n\t{\n\t\t\"dml\": \"$values\",\n\t\t\"condicion\": \"\",\n\t\t\"entradas\": [\n\t\t\t{\n\t\t\t\t\"campo\": \"name\",\n\t\t\t\t\"defecto\": \"\",\n\t\t\t\t\"alias\": \"name\",\n\t\t\t\t\"tipo\": \"string\"\n\t\t\t},\n\t\t\t{\n\t\t\t\t\"campo\": \"description\",\n\t\t\t\t\"defecto\": \"\",\n\t\t\t\t\"alias\": \"description\",\n\t\t\t\t\"tipo\": \"string\"\n\t\t\t},\n\t\t\t{\n\t\t\t\t\"campo\": \"code\",\n\t\t\t\t\"defecto\": \"\",\n\t\t\t\t\"alias\": \"code\",\n\t\t\t\t\"tipo\": \"string\"\n\t\t\t},\n\t\t\t{\n\t\t\t\t\"campo\": \"xyear\",\n\t\t\t\t\"defecto\": \"\",\n\t\t\t\t\"alias\": \"xyear\",\n\t\t\t\t\"tipo\": \"string\"\n\t\t\t},\n\t\t\t{\n\t\t\t\t\"campo\": \"version\",\n\t\t\t\t\"defecto\": \"\",\n\t\t\t\t\"alias\": \"version\",\n\t\t\t\t\"tipo\": \"string\"\n\t\t\t},\n\t\t\t{\n\t\t\t\t\"campo\": \"id_product\",\n\t\t\t\t\"defecto\": \"\",\n\t\t\t\t\"alias\": \"id_product\",\n\t\t\t\t\"tipo\": \"int\"\n\t\t\t}\n\t\t]\n\t}\n]","estatus":false,"fecha":"2023-10-12T16:27:16.864Z","funcionalidad":"SISTEMA","http":1.0,"https":1.0,"id":"65280899e61bb303b57938cd","logs":false,"metodo":"INSERTAR","migrar":false,"modulo":"","parametros":"","precodigo":"","prioridad":"0","protocolo":"HTTPS","puertohttp":8012.0,"puertohttps":2286.0,"query":"INSERT INTO soes $exec","relacional":false,"resultado":null,"retorna":true,"ruta":"","salidas":"","tipo":"CONSULTA","tipoduracion":0.0,"totalizar":"S","valores":[],"version":"6.1.2"}
{"_id":{"$oid":"652809b2e61bb303b57939fc"},"funcion":"PRC_CSoe","accion":false,"aplicacion":"","autor":"62ebd07e66da1d9774e63866|Administrador","cache":0.0,"categoria":"APLICACIONES","coleccion":"","columnas":"","concurrencia":false,"consumidores":100.0,"descripcion":"Consultar SOE","destino":"","distribucion":0.0,"driver":"MYCFEPD","duracion":0.0,"entorno":"desarrollo","entradas":"","estatus":true,"fecha":"2023-10-12T17:52:58.460Z","funcionalidad":"SISTEMA","http":1.0,"https":1.0,"id":"652809b2e61bb303b57939fc","logs":false,"metodo":"CONSULTAR","migrar":false,"modulo":"","parametros":"1","precodigo":"","prioridad":"0","protocolo":"HTTPS","puertohttp":8012.0,"puertohttps":2286.0,"query":"SELECT \n\tid, code, name, \n    description AS descriptions,\n\tCONCAT(description, ' ', code, '.', version, ' ', xyear) AS description,\n    version, xyear, fecha, id_product\nFROM soes WHERE id_product = $0;","relacional":false,"resultado":null,"retorna":true,"ruta":"","salidas":"","tipo":"CONSULTA","tipoduracion":0.0,"totalizar":"S","valores":"","version":"7.2.3"}
{"_id":{"$oid":"652830d6e61bb303b579636a"},"funcion":"PRC_CSections","accion":false,"aplicacion":"","autor":"62ebd07e66da1d9774e63866|Administrador","cache":0.0,"categoria":"APLICACIONES","coleccion":"","columnas":"","concurrencia":false,"consumidores":100.0,"descripcion":"Consultar Sections","destino":"","distribucion":0.0,"driver":"MYCFEPD","duracion":0.0,"entorno":"desarrollo","entradas":"","estatus":true,"fecha":"2023-10-12T18:59:20.812Z","funcionalidad":"SISTEMA","http":1.0,"https":1.0,"id":"652830d6e61bb303b579636a","logs":false,"metodo":"CONSULTAR","migrar":false,"modulo":"","parametros":"1","precodigo":"","prioridad":"0","protocolo":"HTTPS","puertohttp":8012.0,"puertohttps":2286.0,"query":"SELECT * FROM sections WHERE id_soe=$0;","relacional":false,"resultado":null,"retorna":true,"ruta":"","salidas":"","tipo":"CONSULTA","tipoduracion":0.0,"totalizar":"S","valores":[],"version":"4.2.3"}
{"_id":{"$oid":"65283ddd4a6b6ac4b702ba9e"},"funcion":"PRC_ISections","accion":false,"aplicacion":"","autor":"62ebd07e66da1d9774e63866|Administrador","cache":0.0,"categoria":"APLICACIONES","coleccion":"","columnas":"","concurrencia":false,"consumidores":10.0,"descripcion":"Insertar Documento","destino":"","distribucion":0.0,"driver":"MYCFEPD","duracion":0.0,"entorno":"desarrollo","entradas":"[\n\t{\n\t\t\"dml\": \"$values\",\n\t\t\"condicion\": \"\",\n\t\t\"entradas\": [\n\t\t\t{\n\t\t\t\t\"campo\": \"name\",\n\t\t\t\t\"defecto\": \"\",\n\t\t\t\t\"alias\": \"name\",\n\t\t\t\t\"tipo\": \"string\"\n\t\t\t},\n\t\t\t{\n\t\t\t\t\"campo\": \"description\",\n\t\t\t\t\"defecto\": \"\",\n\t\t\t\t\"alias\": \"description\",\n\t\t\t\t\"tipo\": \"string\"\n\t\t\t},\n\t\t\t{\n\t\t\t\t\"campo\": \"id_soe\",\n\t\t\t\t\"defecto\": \"\",\n\t\t\t\t\"alias\": \"id_soe\",\n\t\t\t\t\"tipo\": \"int\"\n\t\t\t}\n\t\t]\n\t}\n]","estatus":false,"fecha":"2023-10-12T18:41:33.082Z","funcionalidad":"SISTEMA","http":1.0,"https":1.0,"id":"65280144e61bb303b5793117","logs":false,"metodo":"INSERTAR","migrar":false,"modulo":"","parametros":"","precodigo":"","prioridad":"0","protocolo":"HTTPS","puertohttp":8012.0,"puertohttps":2286.0,"query":"INSERT INTO sections $exec","relacional":false,"resultado":null,"retorna":true,"ruta":"","salidas":"","tipo":"CONSULTA","tipoduracion":0.0,"totalizar":"S","valores":[],"version":"6.1.1"}
